{"stats":{"minecraft:killed_by":{"enemyexpansion:equestrian":1,"minecraft:player":1,"realmrpg_demons:chort":1},"minecraft:dropped":{"biomesoplenty:violet":1,"minecraft:wooden_axe":1,"minecraft:wooden_pickaxe":1},"minecraft:custom":{"minecraft:time_since_rest":5639,"minecraft:interact_with_furnace":6,"minecraft:sprint_one_cm":51967,"minecraft:damage_taken":1320,"minecraft:walk_one_cm":49807,"minecraft:mob_kills":2,"minecraft:drop":3,"minecraft:damage_dealt":951,"minecraft:interact_with_crafting_table":6,"minecraft:fly_one_cm":121645,"minecraft:talked_to_villager":2,"minecraft:open_chest":1,"minecraft:play_time":29395,"minecraft:crouch_one_cm":1792,"tombstone:undead_killed":1,"minecraft:deaths":4,"minecraft:sneak_time":920,"minecraft:damage_dealt_resisted":133,"minecraft:jump":430,"minecraft:leave_game":2,"minecraft:time_since_death":8038,"minecraft:sleep_in_bed":1,"minecraft:total_world_time":29395,"minecraft:interact_with_smoker":1,"minecraft:fall_one_cm":16871},"minecraft:picked_up":{"minecraft:raw_iron":3,"minecraft:mud":1,"minecraft:crafting_table":3,"minecraft:potato":8,"iceandfire:silver_ore":1,"biomesoplenty:violet":1,"minecraft:cookie":4,"minecraft:spruce_log":6,"minecraft:string":1,"minecraft:dirt":3,"minecraft:bone":1,"minecraft:wheat_seeds":1,"minecraft:cobbled_deepslate":9,"minecraft:rabbit_hide":1,"minecraft:granite":1,"minecraft:iron_nugget":4,"minecraft:coal":3,"minecraft:cobblestone":46,"minecraft:furnace":2},"minecraft:used":{"minecraft:mud":1,"minecraft:wooden_axe":6,"minecraft:stone_sword":17,"minecraft:stone_pickaxe":46,"minecraft:baked_potato":7,"minecraft:wooden_pickaxe":19,"minecraft:cookie":4,"minecraft:stone_axe":1,"minecraft:dirt":3,"minecraft:crafting_table":3,"minecraft:furnace":2,"alexsmobs:animal_dictionary":1,"tombstone:gift":1,"minecraft:cobbled_deepslate":3},"minecraft:crafted":{"minecraft:crafting_table":1,"minecraft:spruce_planks":24,"minecraft:stick":12,"minecraft:wooden_pickaxe":1,"minecraft:baked_potato":8,"minecraft:stone_pickaxe":1,"minecraft:wooden_axe":1,"minecraft:stone_sword":1,"minecraft:furnace":1,"minecraft:stone_axe":1,"minecraft:air":0},"minecraft:mined":{"minecraft:carrots":1,"minecraft:furnace":2,"iceandfire:silver_ore":1,"minecraft:mud":1,"minecraft:wheat":3,"biomesoplenty:violet":1,"minecraft:spruce_log":6,"realmrpg_skeletons:frozen_waterdrop_skeleton":1,"minecraft:crafting_table":3,"minecraft:potatoes":5,"minecraft:coal_ore":2,"minecraft:deepslate_iron_ore":3,"minecraft:dirt":3,"minecraft:cobweb":1,"minecraft:spruce_leaves":1,"minecraft:stone":46,"minecraft:deepslate":9},"minecraft:killed":{"enemyexpansion:trollenraged":1,"enemyexpansion:sprinter":1}},"DataVersion":3120}