{"stats":{"minecraft:killed_by":{"iceandfire:ice_dragon":9,"realmrpg_demons:chort":1,"creeperoverhaul:beach_creeper":1,"minecraft:zombie":1,"alexsmobs:moose":2},"minecraft:dropped":{"biomesoplenty:fir_log":4,"minecraft:wheat_seeds":5,"minecraft:cobblestone":79,"minecraft:cookie":4,"minecraft:light_gray_wool":2,"minecraft:stick":3,"biomesoplenty:violet":1,"minecraft:leather_chestplate":1,"minecraft:potato":3,"minecraft:mutton":3,"minecraft:wooden_axe":1,"tombstone:grave_dust":1,"minecraft:leather_boots":1,"minecraft:leather_leggings":1,"minecraft:wooden_pickaxe":1,"minecraft:iron_pickaxe":1,"minecraft:white_wool":1},"minecraft:custom":{"minecraft:interact_with_furnace":8,"minecraft:mob_kills":11,"minecraft:interact_with_crafting_table":18,"minecraft:leave_game":1,"minecraft:time_since_death":2401,"minecraft:sleep_in_bed":3,"minecraft:time_since_rest":2034,"minecraft:sprint_one_cm":184024,"minecraft:walk_one_cm":103538,"minecraft:damage_taken":3919,"minecraft:damage_blocked_by_shield":1519,"minecraft:drop":20,"minecraft:damage_dealt":4722,"minecraft:fly_one_cm":463268,"minecraft:swim_one_cm":47080,"minecraft:player_kills":1,"minecraft:open_chest":10,"minecraft:crouch_one_cm":2787,"minecraft:play_time":57783,"minecraft:deaths":14,"minecraft:sneak_time":1011,"minecraft:walk_under_water_one_cm":7701,"minecraft:jump":1553,"minecraft:interact_with_blast_furnace":10,"minecraft:walk_on_water_one_cm":3514,"minecraft:total_world_time":57783,"minecraft:fall_one_cm":31602},"minecraft:picked_up":{"minecraft:crafting_table":5,"minecraft:feather":1,"minecraft:wooden_pickaxe":1,"biomesoplenty:fir_log":5,"biomesoplenty:violet":1,"minecraft:flint":1,"iceandfire:dragonscales_blue":5,"minecraft:blue_bed":1,"minecraft:dirt":8,"minecraft:string":5,"minecraft:raw_copper":3,"betteranimalsplus:coyotehead_1":1,"minecraft:bone":5,"minecraft:wheat_seeds":6,"alexsmobs:cooked_moose_ribs":2,"minecraft:light_gray_wool":3,"aquaculture:minnow":1,"minecraft:iron_pickaxe":1,"minecraft:sugar_cane":3,"minecraft:furnace":4,"minecraft:stick":1,"minecraft:raw_iron":32,"iceandfire:dragonbone":1,"iceandfire:silver_ore":2,"minecraft:cookie":4,"minecraft:blast_furnace":1,"minecraft:diorite":8,"minecraft:spruce_log":10,"minecraft:spruce_door":3,"minecraft:spider_eye":1,"minecraft:mossy_cobblestone":3,"iceandfire:dragon_skull_ice":2,"minecraft:arrow":3,"minecraft:rotten_flesh":5,"aquaculture:brown_trout":1,"iceandfire:dragon_ice":3,"aquaculture:carp":1,"iceandfire:ice_dragon_flesh":2,"alexsmobs:moose_ribs":6,"iceandfire:silver_nugget":38,"minecraft:mutton":6,"minecraft:skeleton_skull":1,"minecraft:snowball":4,"minecraft:coal":13,"minecraft:white_wool":2,"minecraft:cobblestone":144},"minecraft:used":{"farmersdelight:iron_knife":26,"minecraft:diorite":8,"minecraft:spruce_door":5,"aquaculture:brown_trout":1,"biomesoplenty:fir_planks":4,"minecraft:shield":29,"minecraft:iron_sword":53,"travelersbackpack:iron_golem":1,"minecraft:blue_bed":1,"spartanweaponry:iron_boomerang":11,"minecraft:mossy_cobblestone":3,"minecraft:dirt":3,"minecraft:crafting_table":7,"minecraft:blast_furnace":1,"minecraft:bread":8,"minecraft:iron_pickaxe":209,"minecraft:iron_helmet":1,"minecraft:stone_axe":42,"alexsmobs:cooked_moose_ribs":1,"minecraft:cobblestone":39,"minecraft:furnace":3,"tombstone:gift":1},"minecraft:crafted":{"minecraft:crafting_table":2,"minecraft:spruce_planks":40,"farmersdelight:iron_knife":1,"minecraft:iron_helmet":1,"minecraft:iron_sword":1,"alexsmobs:cooked_moose_ribs":1,"minecraft:spruce_door":3,"minecraft:furnace":1,"spartanweaponry:iron_boomerang":1,"minecraft:stone_axe":1,"minecraft:air":0,"biomesoplenty:fir_planks":4,"minecraft:iron_boots":1,"minecraft:iron_chestplate":1,"minecraft:shield":1,"minecraft:stick":12,"minecraft:iron_ingot":32,"minecraft:iron_pickaxe":1,"minecraft:iron_leggings":1},"minecraft:broken":{"minecraft:shield":1},"minecraft:mined":{"minecraft:glass_pane":1,"iceandfire:silver_ore":2,"minecraft:mossy_cobblestone":3,"minecraft:spruce_door":4,"realmrpg_skeletons:winter_skeleton":1,"minecraft:crafting_table":5,"minecraft:blast_furnace":1,"minecraft:grass_block":4,"minecraft:cobblestone":4,"minecraft:spruce_leaves":5,"minecraft:sugar_cane":1,"minecraft:diorite":8,"minecraft:blue_bed":1,"minecraft:furnace":3,"minecraft:iron_ore":32,"minecraft:spruce_log":10,"realmrpg_skeletons:acrobat_skeleton":1,"realmrpg_skeletons:devastated_skeleton":1,"minecraft:grass":12,"minecraft:coal_ore":14,"biomesoplenty:fir_leaves":4,"minecraft:dirt":5,"realmrpg_skeletons:arrow_skeleton":2,"minecraft:stone":135,"minecraft:fern":11},"minecraft:killed":{"minecraft:spider":2,"minecraft:sheep":2,"aquaculture:minnow":1,"alexsmobs:moose":3,"betteranimalsplus:songbird":1,"iceandfire:ice_dragon":1,"aquaculture:carp":1}},"DataVersion":3120}