{"stats":{"minecraft:killed_by":{"realmrpg_demons:chort":1,"minecraft:zombie":1},"minecraft:dropped":{"alexsmobs:animal_dictionary":1,"tombstone:grave_dust":2,"minecraft:feather":2,"minecraft:white_wool":2,"minecraft:spruce_sapling":2},"minecraft:custom":{"minecraft:time_since_rest":3519,"minecraft:interact_with_furnace":2,"minecraft:sprint_one_cm":17974,"minecraft:damage_taken":620,"minecraft:walk_one_cm":21950,"minecraft:mob_kills":6,"minecraft:drop":6,"minecraft:damage_dealt":922,"minecraft:interact_with_crafting_table":6,"minecraft:fly_one_cm":59284,"minecraft:open_chest":2,"minecraft:crouch_one_cm":255,"minecraft:play_time":14083,"tombstone:undead_killed":4,"minecraft:deaths":2,"minecraft:sneak_time":198,"minecraft:jump":192,"minecraft:leave_game":2,"minecraft:time_since_death":3906,"minecraft:total_world_time":14083,"minecraft:fall_one_cm":4917},"minecraft:picked_up":{"minecraft:raw_iron":1,"minecraft:feather":2,"minecraft:torch":1,"minecraft:potato":14,"minecraft:spruce_sapling":2,"tombstone:grave_dust":2,"minecraft:spruce_log":6,"minecraft:spruce_door":1,"minecraft:dirt":4,"minecraft:rotten_flesh":5,"minecraft:music_disc_ward":1,"minecraft:spruce_planks":2,"minecraft:iron_ingot":5,"minecraft:poppy":2,"minecraft:white_wool":2,"minecraft:cobblestone":10},"minecraft:used":{"minecraft:spruce_door":1,"minecraft:stone_pickaxe":7,"spartanweaponry:stone_boomerang":3,"minecraft:spruce_planks":4,"minecraft:wooden_pickaxe":8,"minecraft:rotten_flesh":2,"minecraft:stone_axe":17,"minecraft:torch":1,"minecraft:dirt":4,"minecraft:crafting_table":1,"alexsmobs:animal_dictionary":1},"minecraft:crafted":{"minecraft:crafting_table":1,"minecraft:spruce_planks":24,"minecraft:stick":16,"minecraft:iron_pickaxe":1,"minecraft:wooden_pickaxe":1,"minecraft:stone_pickaxe":1,"minecraft:stone_axe":1,"spartanweaponry:stone_boomerang":1},"minecraft:mined":{"minecraft:spruce_planks":2,"minecraft:iron_ore":1,"minecraft:spruce_log":8,"minecraft:spruce_door":1,"minecraft:potatoes":6,"minecraft:grass_block":2,"minecraft:dirt":2,"minecraft:spruce_leaves":6,"minecraft:stone":10},"minecraft:killed":{"minecraft:zombie":3,"betteranimalsplus:songbird":1,"minecraft:iron_golem":1,"enemyexpansion:sprinter":1}},"DataVersion":3120}